market,avg_weekly_demand,total_demand,demand_volatility
North America,960.6151515151514,1902018,103.72029903232227
Europe,946.8010101010101,3749332,91.6343402204804
APAC,940.6063131313131,3724801,94.76243358080274
