model,MAE,RMSE
Gradient_Boosting,250.62926625129137,340.8616024264394
Random_Forest,252.8075087997071,350.1460936802467
Ridge_Regression,260.911860908713,342.89588795638076
Linear_Regression,260.9118609451141,342.89588803624366
Naive_Lag1,348.32105263157894,438.8592317169116
